Unnamed: 0,Confirmed,Deaths,Recovered
1/22/20,1,0,0
1/23/20,1,0,0
1/24/20,2,0,0
1/25/20,2,0,0
1/26/20,5,0,0
1/27/20,5,0,0
1/28/20,5,0,0
1/29/20,6,0,0
1/30/20,6,0,0
1/31/20,8,0,0
02-01-2020,8,0,0
02-02-2020,8,0,0
02-03-2020,11,0,0
02-04-2020,11,0,0
02-05-2020,11,0,0
02-06-2020,12,0,0
02-07-2020,12,0,0
02-08-2020,12,0,0
02-09-2020,12,0,0
02-10-2020,12,0,0
02-11-2020,13,0,0
02-12-2020,13,0,0
2/13/20,14,0,0
2/14/20,14,0,0
2/15/20,14,0,0
2/16/20,14,0,0
2/17/20,14,0,0
2/18/20,14,0,0
2/19/20,14,0,0
2/20/20,14,0,0
2/21/20,16,0,0
2/22/20,16,0,0
2/23/20,16,0,0
2/24/20,16,0,0
2/25/20,16,0,0
2/26/20,16,0,0
2/27/20,17,0,0
2/28/20,17,0,0
2/29/20,25,1,0
03-01-2020,32,1,0
03-02-2020,55,6,0
03-03-2020,74,7,0
03-04-2020,107,11,0
03-05-2020,184,12,0
03-06-2020,237,14,0
03-07-2020,403,17,0
03-08-2020,519,21,0
03-09-2020,594,22,0
03-10-2020,782,28,0
03-11-2020,1147,33,0
03-12-2020,1586,43,0
3/13/20,2219,51,0
3/14/20,2978,58,0
3/15/20,3212,70,0
3/16/20,4679,97,0
3/17/20,6512,134,0
3/18/20,9169,194,0
3/19/20,13663,266,0
3/20/20,20030,372,0
3/21/20,26025,475,0
3/22/20,34944,603,0
3/23/20,46096,790,0
3/24/20,56714,1033,0
3/25/20,68841,1366,0
3/26/20,86662,1783,0
3/27/20,105253,2305,0
3/28/20,127417,3018,0
3/29/20,143544,3573,0
3/30/20,165698,4280,0
3/31/20,192079,5359,0
04-01-2020,227903,6996,0
04-02-2020,260183,8556,0
04-03-2020,292630,9985,0
04-04-2020,324340,11605,0
04-05-2020,353117,13227,0
04-06-2020,385110,14989,0
04-07-2020,415256,17595,0
04-08-2020,446500,19747,0
04-09-2020,482526,22003,0
04-10-2020,516707,24217,0
04-11-2020,545693,26320,0
04-12-2020,571551,28203,0
4/13/20,598794,30204,0
4/14/20,627306,32685,0
4/15/20,653669,35309,0
4/16/20,683351,37496,0
4/17/20,716508,39600,0
4/18/20,743857,41543,0
4/19/20,768888,43510,0
4/20/20,799531,45795,0
4/21/20,825478,48246,0
4/22/20,855445,50712,0
4/23/20,887523,53138,0
4/24/20,919014,55201,0
4/25/20,949640,56940,0
4/26/20,975537,58354,0
4/27/20,1000230,59840,0
4/28/20,1024834,62074,0
4/29/20,1051643,64448,0
4/30/20,1081150,66638,0
05-01-2020,1115972,68518,0
05-02-2020,1142619,70291,0
05-03-2020,1166189,71492,0
05-04-2020,1190240,72862,0
05-05-2020,1214321,75041,0
05-06-2020,1238694,77359,0
05-07-2020,1266904,79262,0
05-08-2020,1294111,81033,0
05-09-2020,1318358,82504,0
05-10-2020,1337061,83505,0
05-11-2020,1356283,84531,0
05-12-2020,1379661,86119,0
5/13/20,1399662,87814,0
5/14/20,1425539,89581,0
5/15/20,1449938,91205,0
5/16/20,1473806,92374,0
5/17/20,1492449,93191,0
5/18/20,1514833,94413,0
5/19/20,1535591,95840,0
5/20/20,1558430,97310,0
5/21/20,1583542,98491,0
5/22/20,1607464,99695,0
5/23/20,1627392,100774,0
5/24/20,1647513,101410,0
5/25/20,1666699,102010,0
5/26/20,1685395,102664,0
5/27/20,1704200,104116,0
5/28/20,1725329,105181,0
5/29/20,1750066,106290,0
5/30/20,1772783,107236,0
5/31/20,1791547,107857,0
06-01-2020,1809384,108624,0
06-02-2020,1829340,109603,0
06-03-2020,1848388,110603,0
06-04-2020,1876099,111601,0
06-05-2020,1902280,112471,0
06-06-2020,1922433,113109,0
06-07-2020,1940242,113569,0
06-08-2020,1957154,114071,0
06-09-2020,1977478,114980,0
06-10-2020,1999224,115836,0
06-11-2020,2021527,116644,0
06-12-2020,2047082,117466,0
6/13/20,2071218,118174,0
6/14/20,2090171,118522,0
6/15/20,2111266,118920,0
6/16/20,2135894,119695,0
6/17/20,2162973,120436,0
6/18/20,2191211,121132,0
6/19/20,2222207,121760,0
6/20/20,2254073,122323,0
6/21/20,2279932,122642,0
6/22/20,2309921,123021,0
6/23/20,2348750,123752,0
6/24/20,2385029,124507,0
6/25/20,2424386,125058,0
6/26/20,2473472,125687,0
6/27/20,2514305,126186,0
6/28/20,2557223,126512,0
6/29/20,2598741,126881,0
6/30/20,2648797,127432,0
07-01-2020,2698127,128134,0
07-02-2020,2753211,128883,0
07-03-2020,2804869,129559,0
07-04-2020,2850893,129867,0
07-05-2020,2904843,130201,0
07-06-2020,2948475,130575,0
07-07-2020,3005888,131719,0
07-08-2020,3066392,132562,0
07-09-2020,3126224,133601,0
07-10-2020,3194746,134402,0
07-11-2020,3255187,135167,0
07-12-2020,3315407,135632,0
7/13/20,3375032,136084,0
7/14/20,3440789,136988,0
7/15/20,3507088,137942,0
7/16/20,3577862,138903,0
7/17/20,3644284,139844,0
7/18/20,3708609,140733,0
7/19/20,3767602,141197,0
7/20/20,3828458,141750,0
7/21/20,3896753,142823,0
7/22/20,3964203,144066,0
7/23/20,4031970,145122,0
7/24/20,4106919,146232,0
7/25/20,4170674,147181,0
7/26/20,4226305,147744,0
7/27/20,4286302,148848,0
7/28/20,4350866,150063,0
7/29/20,4414918,151477,0
7/30/20,4484122,152778,0
7/31/20,4548497,153969,0
08-01-2020,4605921,155059,0
08-02-2020,4652810,155535,0
08-03-2020,4694706,156127,0
08-04-2020,4756327,157375,0
08-05-2020,4810464,158770,0
08-06-2020,4870500,159971,0
08-07-2020,4930941,161266,0
08-08-2020,4994708,162339,0
08-09-2020,5048871,162916,0
08-10-2020,5100508,163440,0
08-11-2020,5157384,164517,0
08-12-2020,5212606,166049,0
8/13/20,5264052,167077,0
8/14/20,5334124,168363,0
8/15/20,5386449,169423,0
8/16/20,5421026,170034,0
8/17/20,5459023,170493,0
8/18/20,5503998,171720,0
8/19/20,5549913,172421,0
8/20/20,5595048,173501,0
8/21/20,5642948,174616,0
8/22/20,5688219,175578,0
8/23/20,5720122,176057,0
8/24/20,5754213,176511,0
8/25/20,5796775,177729,0
8/26/20,5838967,178872,0
8/27/20,5889404,179979,0
8/28/20,5935724,180906,0
8/29/20,5978795,181869,0
8/30/20,6012963,182309,0
8/31/20,6046489,182794,0
09-01-2020,6088458,183855,0
09-02-2020,6128576,184927,0
09-03-2020,6173787,185950,0
09-04-2020,6222446,186900,0
09-05-2020,6265684,187691,0
09-06-2020,6294762,188127,0
09-07-2020,6319464,188450,0
09-08-2020,6346567,188923,0
09-09-2020,6380418,190023,0
09-10-2020,6420040,190930,0
09-11-2020,6464865,192072,0
09-12-2020,6510480,192810,0
9/13/20,6550788,193202,0
9/14/20,6583689,193626,0
9/15/20,6621128,194815,0
9/16/20,6659477,195747,0
9/17/20,6704918,196594,0
9/18/20,6755145,197549,0
9/19/20,6800800,198215,0
9/20/20,6842405,198474,0
9/21/20,6874665,198885,0
9/22/20,6912973,199907,0
9/23/20,6954203,200959,0
9/24/20,7003200,201855,0
9/25/20,7050826,202767,0
9/26/20,7094716,203530,0
9/27/20,7128423,203835,0
9/28/20,7164994,204173,0
9/29/20,7207284,205052,0
9/30/20,7246200,205957,0
10-01-2020,7292562,206852,0
10-02-2020,7346109,207741,0
10-03-2020,7395489,208413,0
10-04-2020,7428859,208798,0
10-05-2020,7466806,209272,0
10-06-2020,7511827,209960,0
10-07-2020,7561294,210863,0
10-08-2020,7619507,211836,0
10-09-2020,7674838,212786,0
10-10-2020,7730092,213434,0
10-11-2020,7776972,213897,0
10-12-2020,7819927,214290,0
10/13/20,7870523,215042,0
10/14/20,7929694,216028,0
10/15/20,7993556,216867,0
10/16/20,8063866,217793,0
10/17/20,8118716,218582,0
10/18/20,8171010,219042,0
10/19/20,8239747,219552,0
10/20/20,8302318,220500,0
10/21/20,8363743,221662,0
10/22/20,8443959,222542,0
10/23/20,8526091,223496,0
10/24/20,8604190,224468,0
10/25/20,8664567,224920,0
10/26/20,8729037,225479,0
10/27/20,8808014,226476,0
10/28/20,8896402,227516,0
10/29/20,8989081,228510,0
10/30/20,9089580,229582,0
10/31/20,9176352,230545,0
11-01-2020,9254490,231054,0
11-02-2020,9338428,231783,0
11-03-2020,9465330,233407,0
11-04-2020,9567399,234488,0
11-05-2020,9697431,235702,0
11-06-2020,9826558,236885,0
11-07-2020,9953780,238011,0
11-08-2020,10073148,238587,0
11-09-2020,10192673,239390,0
11-10-2020,10331774,240854,0
11-11-2020,10481333,242317,0
11-12-2020,10640976,243556,0
11/13/20,10819737,244749,0
11/14/20,10982694,246149,0
11/15/20,11121208,246908,0
11/16/20,11276945,247782,0
11/17/20,11444297,249523,0
11/18/20,11617713,251456,0
11/19/20,11809680,253468,0
11/20/20,12010765,255470,0
11/21/20,12188369,257102,0
11/22/20,12333604,258178,0
11/23/20,12517890,259314,0
11/24/20,12692858,261490,0
11/25/20,12874109,263717,0
11/26/20,12987020,265117,0
11/27/20,13202222,266737,0
11/28/20,13369711,268148,0
11/29/20,13509384,269192,0
11/30/20,13667915,270601,0
12-01-2020,13866746,273099,0
12-02-2020,14063762,275972,0
12-03-2020,14283185,278878,0
12-04-2020,14518319,281505,0
12-05-2020,14738242,283901,0
12-06-2020,14916373,285323,0
12-07-2020,15112614,286953,0
12-08-2020,15340113,289554,0
12-09-2020,15555848,292513,0
12-10-2020,15791625,295426,0
12-11-2020,16028527,298758,0
12-12-2020,16251283,301263,0
12/13/20,16441925,302831,0
12/14/20,16652286,304528,0
12/15/20,16879507,307426,0
12/16/20,17113650,311092,0
12/17/20,17352824,314505,0
12/18/20,17599264,317460,0
12/19/20,17804289,320197,0
12/20/20,17990458,321898,0
12/21/20,18187883,323724,0
12/22/20,18393673,327023,0
12/23/20,18614460,330326,0
12/24/20,18826055,333187,0
12/25/20,18951579,334690,0
12/26/20,19169547,336601,0
12/27/20,19305730,338068,0
12/28/20,19480363,339968,0
12/29/20,19687204,343506,0
12/30/20,19905952,347386,0
12/31/20,20219878,350604,0
01-01-2021,20397398,352844,0
01-02-2021,20670022,355436,0
01-03-2021,20873235,356837,0
01-04-2021,21059968,358853,0
01-05-2021,21292110,362429,0
01-06-2021,21551825,366299,0
01-07-2021,21836888,370292,0
01-08-2021,22139748,374520,0
01-09-2021,22403252,377679,0
01-10-2021,22613198,379769,0
01-11-2021,22817700,381620,0
01-12-2021,23040116,385969,0
1/13/21,23268791,389937,0
1/14/21,23503715,393717,0
1/15/21,23748051,397530,0
1/16/21,23965033,401080,0
1/17/21,24141198,403095,0
1/18/21,24282482,404678,0
1/19/21,24439496,407052,0
1/20/21,24627164,411457,0
1/21/21,24819191,415520,0
1/22/21,25010547,419286,0
1/23/21,25187886,422809,0
1/24/21,25327681,424638,0
1/25/21,25457654,426420,0
1/26/21,25608948,430433,0
1/27/21,25764113,434493,0
1/28/21,25930828,438259,0
1/29/21,26094127,441853,0
1/30/21,26244536,444670,0
1/31/21,26357107,446602,0
02-01-2021,26482919,448381,0
02-02-2021,26600309,451922,0
02-03-2021,26724684,455778,0
02-04-2021,26849337,459659,0
02-05-2021,26979744,463316,0
02-06-2021,27096024,466041,0
02-07-2021,27185193,467504,0
02-08-2021,27268355,468953,0
02-09-2021,27364113,471978,0
02-10-2021,27459808,475337,0
02-11-2021,27565960,478492,0
02-12-2021,27665519,481325,0
2/13/21,27755867,483578,0
2/14/21,27824057,484729,0
2/15/21,27880161,485675,0
2/16/21,27939999,487323,0
2/17/21,28009004,489731,0
2/18/21,28081254,492289,0
2/19/21,28156128,494810,0
2/20/21,28229709,496711,0
2/21/21,28284962,497922,0
2/22/21,28341018,499127,0
2/23/21,28414848,501384,0
2/24/21,28489829,504596,0
2/25/21,28566889,507105,0
2/26/21,28641812,509227,0
2/27/21,28712642,510739,0
2/28/21,28764298,511827,0
03-01-2021,28814420,513045,0
03-02-2021,28873096,514966,0
03-03-2021,28940164,517540,0
03-04-2021,29008605,519407,0
03-05-2021,29075787,521179,0
03-06-2021,29136550,522634,0
03-07-2021,29178094,523337,0
03-08-2021,29222842,524059,0
03-09-2021,29278673,525818,0
03-10-2021,29336393,527355,0
03-11-2021,29398148,528896,0
03-12-2021,29460422,530323,0
3/13/21,29516680,531333,0
3/14/21,29555246,531921,0
3/15/21,29606783,532570,0
3/16/21,29661862,533813,0
3/17/21,29721741,535007,0
3/18/21,29783944,536639,0
3/19/21,29844854,537659,0
3/20/21,29903121,538385,0
3/21/21,29938533,539089,0
3/22/21,29986970,539642,0
3/23/21,30039696,540614,0
3/24/21,30127521,542011,0
3/25/21,30194910,543355,0
3/26/21,30271054,544507,0
3/27/21,30334846,545311,0
3/28/21,30381218,545753,0
3/29/21,30447861,546387,0
3/30/21,30510083,547275,0
3/31/21,30579485,548349,0
04-01-2021,30656330,549448,0
04-02-2021,30730194,550345,0
04-03-2021,30794703,551100,0
04-04-2021,30832570,551412,0
04-05-2021,30900794,551878,0
04-06-2021,30964189,552706,0
04-07-2021,31039928,555304,0
04-08-2021,31119772,556312,0
04-09-2021,31204184,557214,0
04-10-2021,31274548,557972,0
04-11-2021,31321879,558265,0
04-12-2021,31385081,558720,0
4/13/21,31465794,559582,0
4/14/21,31540756,560515,0
4/15/21,31614984,561420,0
4/16/21,31697732,562291,0
4/17/21,31753116,563002,0
4/18/21,31796939,563355,0
4/19/21,31856774,563851,0
4/20/21,31919203,564688,0
4/21/21,31983893,565584,0
4/22/21,32050106,566523,0
4/23/21,32112756,567287,0
4/24/21,32167063,568037,0
4/25/21,32201471,568346,0
4/26/21,32244759,568824,0
4/27/21,32296816,569490,0
4/28/21,32352650,570473,0
4/29/21,32410329,571356,0
4/30/21,32468055,572156,0
05-01-2021,32516226,572904,0
05-02-2021,32546822,573232,0
05-03-2021,32592222,573718,0
05-04-2021,32634949,574560,0
05-05-2021,32680744,575373,0
05-06-2021,32726689,576169,0
05-07-2021,32774854,576925,0
05-08-2021,32809818,577564,0
05-09-2021,32832557,577827,0
05-10-2021,32865353,578229,0
05-11-2021,32900633,578909,0
05-12-2021,32936594,579676,0
5/13/21,32974477,580418,0
5/14/21,33016059,581049,0
5/15/21,33046540,581574,0
5/16/21,33064172,581842,0
5/17/21,33089703,582244,0
5/18/21,33118721,583024,0
5/19/21,33147765,583678,0
5/20/21,33177770,584363,0
5/21/21,33206435,584963,0
5/22/21,33227352,585451,0
5/23/21,33241140,585658,0
5/24/21,33263298,586095,0
5/25/21,33287104,586733,0
5/26/21,33311455,587719,0
5/27/21,33338001,589069,0
5/28/21,33359917,589604,0
5/29/21,33372891,589931,0
5/30/21,33380097,590079,0
5/31/21,33386447,590261,0
06-01-2021,33407540,590904,0
06-02-2021,33424131,591469,0
06-03-2021,33442100,592098,0
06-04-2021,33459613,592614,0
06-05-2021,33474770,593200,0
06-06-2021,33480666,593369,0
06-07-2021,33494852,593676,0
06-08-2021,33507651,593983,0
06-09-2021,33525852,594458,0
06-10-2021,33540369,594860,0
06-11-2021,33564873,595386,0
06-12-2021,33573694,595655,0
6/13/21,33578723,595767,0
6/14/21,33590628,595953,0
6/15/21,33601271,596276,0
6/16/21,33613025,596660,0
6/17/21,33624547,596959,0
6/18/21,33645533,597558,0
6/19/21,33654422,597728,0
6/20/21,33659351,597808,0
6/21/21,33670079,598069,0
6/22/21,33680849,598410,0
6/23/21,33693339,598796,0
6/24/21,33707534,599139,0
6/25/21,33732043,599667,0
6/26/21,33741088,599827,0
6/27/21,33745750,599903,0
6/28/21,33759515,600062,0
6/29/21,33767046,600390,0
6/30/21,33782325,600689,0
07-01-2021,33797251,600972,0
07-02-2021,33826847,601409,0
07-03-2021,33832133,601494,0
07-04-2021,33836404,601534,0
07-05-2021,33845569,601654,0
07-06-2021,33868137,601958,0
07-07-2021,33888276,602285,0
07-08-2021,33909160,602536,0
07-09-2021,33956134,602999,0
07-10-2021,33966176,603077,0
07-11-2021,33977944,603196,0
07-12-2021,34007605,603428,0
7/13/21,34034110,603783,0
7/14/21,34065230,604107,0
7/15/21,34097162,604462,0
7/16/21,34175193,604915,0
7/17/21,34189264,604987,0
7/18/21,34209648,605083,0
7/19/21,34258861,605281,0
7/20/21,34298786,605568,0
7/21/21,34346640,605932,0
7/22/21,34403067,606220,0
7/23/21,34523848,606772,0
7/24/21,34553243,606908,0
7/25/21,34581897,607012,0
7/26/21,34660435,607262,0
7/27/21,34725586,607719,0
7/28/21,34799156,608099,0
7/29/21,34871512,608418,0
7/30/21,35062668,609303,0
7/31/21,35107404,609480,0
08-01-2021,35152818,609715,0
08-02-2021,35260292,610087,0
08-03-2021,35358371,610673,0
08-04-2021,35460776,611222,0
08-05-2021,35570380,611749,0
08-06-2021,35822339,612880,0
08-07-2021,35886266,613151,0
08-08-2021,35922000,613291,0
08-09-2021,36080392,613812,0
08-10-2021,36198713,614634,0
08-11-2021,36353207,615443,0
08-12-2021,36497053,616474,0
8/13/21,36723765,617536,0
8/14/21,36798001,617815,0
8/15/21,36845900,618029,0
8/16/21,37039222,619076,0
8/17/21,37190452,620103,0
8/18/21,37357711,621307,0
8/19/21,37513087,623088,0
8/20/21,37752090,624543,0
8/21/21,37845679,625120,0
8/22/21,37891095,625343,0
8/23/21,38097261,626678,0
8/24/21,38252484,628114,0
8/25/21,38431638,629663,0
8/26/21,38615429,631881,0
8/27/21,38853774,633630,0
8/28/21,38933859,634284,0
8/29/21,38987089,634608,0
8/30/21,39215007,636323,0
8/31/21,39395088,637765,0
09-01-2021,39585475,639812,0
09-02-2021,39764655,642866,0
09-03-2021,39999770,644805,0
09-04-2021,40087140,645465,0
09-05-2021,40151883,645892,0
09-06-2021,40241920,646513,0
09-07-2021,40452004,648608,0
09-08-2021,40629628,650906,0
09-09-2021,40796334,654131,0
09-10-2021,41038024,656586,0
09-11-2021,41128599,657428,0
09-12-2021,41178219,657812,0
9/13/21,41385902,659965,0
9/14/21,41531511,661887,0
9/15/21,41704724,664619,0
9/16/21,41863377,668107,0
9/17/21,42074007,670569,0
9/18/21,42150320,671572,0
9/19/21,42196351,671980,0
9/20/21,42365732,674288,0
9/21/21,42487611,676730,0
9/22/21,42619242,679419,0
9/23/21,42748318,682726,0
9/24/21,42922887,685212,0
9/25/21,42984802,686064,0
9/26/21,43040459,686657,0
9/27/21,43194360,688910,0
9/28/21,43307569,691427,0
9/29/21,43429449,694065,0
9/30/21,43539596,696889,0
10-01-2021,43694428,699021,0
10-02-2021,43744224,699899,0
10-03-2021,43790462,700438,0
10-04-2021,43931026,702370,0
10-05-2021,44026584,704254,0
10-06-2021,44139333,706915,0
10-07-2021,44240441,709384,0
10-08-2021,44371002,711190,0
10-09-2021,44411382,711644,0
10-10-2021,44452401,712134,0
10-11-2021,44545245,713317,0
10-12-2021,44656250,715599,0
10/13/21,44764567,718784,0
10/14/21,44850751,720975,0
10/15/21,44959502,722797,0
10/16/21,45000892,723396,0
10/17/21,45034083,723875,0
10/18/21,45130714,725642,0
10/19/21,45213344,727570,0
10/20/21,45305577,730761,0
10/21/21,45382909,732782,0
10/22/21,45478808,734656,0
10/23/21,45513139,735231,0
10/24/21,45534110,735514,0
10/25/21,45643583,736970,0
10/26/21,45711249,738578,0
10/27/21,45813716,740630,0
10/28/21,45888274,742490,0
10/29/21,45982991,744224,0
10/30/21,46019330,744626,0
10/31/21,46053361,744886,0
11-01-2021,46163201,746135,0
11-02-2021,46233294,747442,0
11-03-2021,46320009,749426,0
11-04-2021,46401241,750627,0
11-05-2021,46498331,752745,0
11-06-2021,46535625,753255,0
11-07-2021,46574617,753490,0
11-08-2021,46681947,754690,0
11-09-2021,46761945,756138,0
11-10-2021,46857079,757827,0
11-11-2021,46914755,758730,0
11-12-2021,47058876,761178,0
11/13/21,47105069,761779,0
11/14/21,47138971,762010,0
11/15/21,47270028,763287,0
11/16/21,47358009,764606,0
11/17/21,47470415,766265,0
11/18/21,47578998,767600,0
11/19/21,47705269,769361,0
11/20/21,47752525,769836,0
11/21/21,47794054,770086,0
11/22/21,47934950,771332,0
11/23/21,48026672,772683,0
11/24/21,48138243,774382,0
11/25/21,48175300,774870,0
11/26/21,48229993,775259,0
11/27/21,48258460,775597,0
11/28/21,48303583,775875,0
11/29/21,48488733,777789,0
11/30/21,48606339,779427,0
12-01-2021,48743340,781422,0
12-02-2021,48881253,785362,0
12-03-2021,49039251,786973,0
12-04-2021,49107059,787674,0
12-05-2021,49163621,788088,0
12-06-2021,49338540,789514,0
12-07-2021,49451008,791026,0
12-08-2021,49600386,792849,0
12-09-2021,49724320,794397,0
12-10-2021,49881735,796150,0
12-11-2021,49939477,796774,0
12-12-2021,49992874,797146,0
12/13/21,50176127,798535,0
12/14/21,50289477,800046,0
12/15/21,50435092,802278,0
12/16/21,50577283,803547,0
12/17/21,50769791,805411,0
12/18/21,50851472,806092,0
12/19/21,50942391,806412,0
12/20/21,51183554,807959,0
12/21/21,51365828,809873,0
12/22/21,51613682,814058,0
12/23/21,51888071,815463,0
12/24/21,52136339,816153,0
12/25/21,52224654,816396,0
12/26/21,52408175,816768,0
12/27/21,52914246,818614,0
12/28/21,53286705,820895,0
12/29/21,53797725,823250,0
12/30/21,54395674,824737,0
12/31/21,54907717,825468,0
01-01-2022,55099948,825870,0
01-02-2022,55396191,826329,0
01-03-2022,56438983,828234,0
01-04-2022,57267794,830557,0
01-05-2022,57943576,832782,0
01-06-2022,58788182,834879,0
01-07-2022,59667177,837319,0
01-08-2022,60075853,838192,0
01-09-2022,60569265,838813,0
01-10-2022,61923770,840861,0
01-11-2022,62709985,843380,0
01-12-2022,63563852,846231,0
1/13/22,64429141,848792,0
1/14/22,65308292,851588,0
1/15/22,65724593,852597,0
1/16/22,66210693,853363,0
1/17/22,66870941,854402,0
1/18/22,68003787,857136,0
1/19/22,68913628,860621,0
1/20/22,69644507,863551,0
1/21/22,70450244,866932,0
1/22/22,70760203,867964,0
1/23/22,71131122,868706,0
1/24/22,72039869,870881,0
1/25/22,72532127,874038,0
1/26/22,73209225,877900,0
1/27/22,73712510,880520,0
1/28/22,74325157,884607,0
1/29/22,74507829,885821,0
1/30/22,74708840,886310,0
1/31/22,75244152,888905,0
02-01-2022,75570589,892252,0
02-02-2022,75897686,895867,0
02-03-2022,76171309,898353,0
02-04-2022,76526048,902482,0
02-05-2022,76614468,903411,0
02-06-2022,76699490,903881,0
02-07-2022,77042080,906747,0
02-08-2022,77255897,909748,0
02-09-2022,77443048,913083,0
02-10-2022,77613413,916336,0
02-11-2022,77821582,919044,0
02-12-2022,77874376,919870,0
2/13/22,77933572,920454,0
2/14/22,78100771,923630,0
2/15/22,78211154,926228,0
2/16/22,78324961,929413,0
2/17/22,78426229,932360,0
2/18/22,78570116,934862,0
2/19/22,78602274,935550,0
2/20/22,78625816,935998,0
2/21/22,78705461,936900,0
2/22/22,78794643,939072,0
2/23/22,78878687,942164,0
2/24/22,78945215,945120,0
2/25/22,79018857,947201,0
2/26/22,79066699,947965,0
2/27/22,79085232,948192,0
2/28/22,79181996,950322,0
03-01-2022,79228450,952086,0
03-02-2022,79281474,954185,0
03-03-2022,79329961,955892,0
03-04-2022,79380604,957610,0
03-05-2022,79395871,957920,0
03-06-2022,79408495,958135,0
03-07-2022,79469829,959834,0
03-08-2022,79499165,961251,0
03-09-2022,79536060,963275,0
03-10-2022,79581728,965037,0
03-11-2022,79630488,966698,0
03-12-2022,79641006,966978,0
3/13/22,79652314,967174,0
3/14/22,79686584,968469,0
3/15/22,79710097,969549,0
3/16/22,79761332,971397,0
3/17/22,79813357,972891,0
3/18/22,79844989,973940,0
3/19/22,79856111,974226,0
3/20/22,79867776,974314,0
3/21/22,79908821,975365,0
3/22/22,79930050,976139,0
3/23/22,79969950,977779,0
3/24/22,80012001,978646,0
3/25/22,80056416,979491,0
3/26/22,80066111,979641,0
3/27/22,80078147,979702,0
3/28/22,80115859,980722,0
3/29/22,80138918,981483,0
3/30/22,80177035,982627,0
3/31/22,80221585,983142,0
04-01-2022,80252748,983972,0
04-02-2022,80264828,984131,0
04-03-2022,80269842,984191,0
04-04-2022,80307960,984776,0
04-05-2022,80332930,985286,0
04-06-2022,80372860,986388,0
04-07-2022,80422532,987245,0
04-08-2022,80495710,987861,0
04-09-2022,80508766,988030,0
04-10-2022,80518573,988060,0
04-11-2022,80556687,988386,0
04-12-2022,80591910,988986,0
4/13/22,80647978,989914,0
4/14/22,80695831,990656,0
4/15/22,80730300,991096,0
4/16/22,80743119,991150,0
4/17/22,80751042,991162,0
4/18/22,80810593,991401,0
4/19/22,80849092,991855,0
4/20/22,80916866,992727,0
4/21/22,80977349,993140,0
4/22/22,81065925,993650,0
4/23/22,81086628,993718,0
4/24/22,81100611,993750,0
4/25/22,81168415,994013,0
4/26/22,81213305,994335,0
4/27/22,81303117,995120,0
4/28/22,81380091,995548,0
4/29/22,81441344,995954,0
4/30/22,81466441,996086,0
05-01-2022,81483804,996109,0
05-02-2022,81577677,996404,0
05-03-2022,81627341,996857,0
05-04-2022,81739690,998794,0
05-05-2022,81827903,999094,0
05-06-2022,81956955,999452,0
05-07-2022,81986006,999663,0
05-08-2022,81992619,999693,0
05-09-2022,82121797,999943,0
05-10-2022,82192316,1000269,0
05-11-2022,82353337,1000942,0
05-12-2022,82458677,1001255,0
5/13/22,82545938,1001456,0
5/14/22,82564426,1001522,0
5/15/22,82597555,1001559,0
5/16/22,82774479,1001802,0
5/17/22,82859805,1002197,0
5/18/22,83063638,1003147,0
5/19/22,83199187,1003504,0
5/20/22,83347968,1003903,0
5/21/22,83376122,1003998,0
5/22/22,83389299,1004045,0
5/23/22,83538499,1004289,0
5/24/22,83622359,1004633,0
5/25/22,83833099,1005711,0
5/26/22,83968629,1006078,0
5/27/22,84076461,1006602,0
5/28/22,84090734,1006649,0
5/29/22,84097861,1006668,0
5/30/22,84160373,1006710,0
5/31/22,84327544,1007077,0
06-01-2022,84556267,1007741,0
06-02-2022,84678587,1008082,0
06-03-2022,84835573,1008454,0
06-04-2022,84863718,1008638,0
06-05-2022,84880100,1008672,0
06-06-2022,85039922,1008951,0
06-07-2022,85126555,1009432,0
06-08-2022,85325154,1010606,0
06-09-2022,85457093,1010927,0
06-10-2022,85563254,1011287,0
06-11-2022,85598649,1011404,0
06-12-2022,85616523,1011434,0
6/13/22,85768092,1011705,0
6/14/22,85858269,1012089,0
6/15/22,86043157,1012785,0
6/16/22,86173188,1013234,0
6/17/22,86312000,1013551,0
6/18/22,86329794,1013594,0
6/19/22,86347944,1013648,0
6/20/22,86443987,1013720,0
6/21/22,86555173,1014196,0
6/22/22,86740533,1015038,0
6/23/22,86879240,1015431,0
6/24/22,86996447,1015863,0
6/25/22,87037562,1016028,0
6/26/22,87060024,1016050,0
6/27/22,87219959,1016347,0
6/28/22,87317769,1016924,0
6/29/22,87507662,1017630,0
6/30/22,87675415,1017377,0
07-01-2022,87832253,1017872,0
07-02-2022,87852832,1017929,0
07-03-2022,87861491,1017937,0
07-04-2022,87937948,1018017,0
07-05-2022,88079364,1018479,0
07-06-2022,88279768,1019225,0
07-07-2022,88418829,1020315,0
07-08-2022,88556536,1020798,0
07-09-2022,88585837,1020897,0
07-10-2022,88610605,1020929,0
07-11-2022,88811480,1021386,0
07-12-2022,88959681,1021965,0
7/13/22,89163998,1022921,0
7/14/22,89339450,1023316,0
7/15/22,89492643,1023808,0
7/16/22,89532095,1023880,0
7/17/22,89561931,1023934,0
7/18/22,89726778,1024368,0
7/19/22,89843975,1025002,0
7/20/22,90060378,1025888,0
7/21/22,90236138,1026400,0
7/22/22,90367542,1026948,0
7/23/22,90394143,1027050,0
7/24/22,90417634,1027082,0
7/25/22,90607493,1027505,0
7/26/22,90739588,1028057,0
7/27/22,90979365,1028991,0
7/28/22,91156742,1029420,0
7/29/22,91315977,1030024,0
7/30/22,91332204,1030075,0
7/31/22,91345425,1030088,0
08-01-2022,91515236,1030654,0
08-02-2022,91606171,1031173,0
08-03-2022,91806570,1032217,0
08-04-2022,91993893,1032881,0
08-05-2022,92100011,1033568,0
08-06-2022,92115152,1033641,0
08-07-2022,92127889,1033673,0
08-08-2022,92283082,1034167,0
08-09-2022,92382841,1034816,0
08-10-2022,92579320,1035729,0
08-11-2022,92742297,1036318,0
08-12-2022,92838951,1036933,0
8/13/22,92922767,1037019,0
8/14/22,92932588,1037036,0
8/15/22,93055285,1037498,0
8/16/22,93147062,1038018,0
8/17/22,93283935,1039085,0
8/18/22,93433063,1039734,0
8/19/22,93510612,1040298,0
8/20/22,93521828,1040373,0
8/21/22,93531703,1041161,0
8/22/22,93660652,1040905,0
8/23/22,93759938,1041521,0
8/24/22,93911627,1042451,0
8/25/22,94051288,1043101,0
8/26/22,94172008,1043771,0
8/27/22,94183881,1043843,0
8/28/22,94192404,1043863,0
8/29/22,94298521,1044338,0
8/30/22,94374035,1044749,0
8/31/22,94528255,1046240,0
09-01-2022,94659072,1046956,0
09-02-2022,94723711,1047407,0
09-03-2022,94735199,1047475,0
09-04-2022,94742681,1047489,0
09-05-2022,94776356,1047578,0
09-06-2022,94888803,1048183,0
09-07-2022,95012774,1048962,0
09-08-2022,95119998,1049673,0
09-09-2022,95220758,1050179,0
09-10-2022,95230918,1050261,0
09-11-2022,95239962,1050282,0
09-12-2022,95309350,1050733,0
9/13/22,95389023,1051261,0
9/14/22,95492224,1052202,0
9/15/22,95575861,1052896,0
9/16/22,95632097,1053302,0
9/17/22,95640668,1053361,0
9/18/22,95646159,1053385,0
9/19/22,95701850,1053774,0
9/20/22,95771112,1054223,0
9/21/22,95869476,1055189,0
9/22/22,95950546,1055879,0
9/23/22,96033830,1056276,0
9/24/22,96043588,1056358,0
9/25/22,96050333,1056376,0
9/26/22,96095885,1056741,0
9/27/22,96156934,1057193,0
9/28/22,96243479,1058461,0
9/29/22,96328015,1059187,0
9/30/22,96361580,1059507,0
10-01-2022,96369625,1059542,0
10-02-2022,96375509,1059560,0
10-03-2022,96416999,1059851,0
10-04-2022,96472358,1060356,0
10-05-2022,96543735,1061382,0
10-06-2022,96604699,1062009,0
10-07-2022,96663035,1062409,0
10-08-2022,96670876,1062461,0
10-09-2022,96676516,1062473,0
10-10-2022,96699589,1062608,0
10-11-2022,96760434,1063218,0
10-12-2022,96825135,1063988,0
10/13/22,96888756,1064579,0
10/14/22,96915830,1064910,0
10/15/22,96921917,1064952,0
10/16/22,96928733,1064963,0
10/17/22,96967685,1065300,0
10/18/22,97011349,1065737,0
10/19/22,97072048,1066447,0
10/20/22,97129478,1067052,0
10/21/22,97175604,1067633,0
10/22/22,97181092,1067656,0
10/23/22,97189727,1067668,0
10/24/22,97229112,1067877,0
10/25/22,97272915,1068312,0
10/26/22,97344455,1069412,0
10/27/22,97403798,1070006,0
10/28/22,97434240,1070198,0
10/29/22,97443365,1070235,0
10/30/22,97446797,1070244,0
10/31/22,97491766,1070376,0
11-01-2022,97540736,1070821,0
11-02-2022,97614775,1071544,0
11-03-2022,97685617,1072189,0
11-04-2022,97724326,1072544,0
11-05-2022,97729627,1072577,0
11-06-2022,97737758,1072597,0
11-07-2022,97778436,1072731,0
11-08-2022,97809892,1072952,0
11-09-2022,97907217,1073860,0
11-10-2022,97973552,1074452,0
11-11-2022,97986735,1074508,0
11-12-2022,97992007,1074513,0
11/13/22,97994653,1074526,0
11/14/22,98045066,1074780,0
11/15/22,98104944,1075182,0
11/16/22,98189692,1075982,0
11/17/22,98243790,1076510,0
11/18/22,98299385,1077020,0
11/19/22,98304397,1077043,0
11/20/22,98308346,1077063,0
11/21/22,98352864,1077274,0
11/22/22,98409179,1077840,0
11/23/22,98522619,1078826,0
11/24/22,98538940,1079015,0
11/25/22,98561273,1079169,0
11/26/22,98564574,1079183,0
11/27/22,98570524,1079196,0
11/28/22,98632854,1079494,0
11/29/22,98700309,1079906,0
11/30/22,98813321,1080466,0
12-01-2022,98903928,1081153,0
12-02-2022,98968313,1081465,0
12-03-2022,98975438,1081494,0
12-04-2022,98980990,1081505,0
12-05-2022,99038798,1081728,0
12-06-2022,99133789,1082333,0
12-07-2022,99279229,1083338,0
12-08-2022,99378455,1084230,0
12-09-2022,99414998,1084429,0
12-10-2022,99422186,1084462,0
12-11-2022,99428500,1084473,0
12-12-2022,99487847,1084701,0
12/13/22,99581078,1085296,0
12/14/22,99729246,1086179,0
12/15/22,99841367,1087000,0
12/16/22,99895955,1087425,0
12/17/22,99902767,1087451,0
12/18/22,99908625,1087473,0
12/19/22,99969013,1087755,0
12/20/22,100050937,1088341,0
12/21/22,100233060,1089383,0
12/22/22,100329204,1089979,0
12/23/22,100368433,1090186,0
12/24/22,100374955,1090208,0
12/25/22,100378169,1090223,0
12/26/22,100390601,1090252,0
12/27/22,100501536,1090608,0
12/28/22,100614880,1091598,0
12/29/22,100718983,1092522,0
12/30/22,100757380,1092738,0
12/31/22,100765333,1092764,0
01-01-2023,100769628,1092779,0
01-02-2023,100777938,1092801,0
01-03-2023,100866744,1093208,0
01-04-2023,101064860,1094493,0
01-05-2023,101196089,1095335,0
01-06-2023,101261277,1095789,0
01-07-2023,101267132,1095815,0
01-08-2023,101272842,1095832,0
01-09-2023,101315853,1096132,0
01-10-2023,101399138,1097024,0
01-11-2023,101538756,1098854,0
01-12-2023,101603736,1099574,0
1/13/23,101637051,1099954,0
1/14/23,101642336,1100006,0
1/15/23,101645654,1100023,0
1/16/23,101653171,1100068,0
1/17/23,101734426,1100812,0
1/18/23,101863056,1102393,0
1/19/23,101954244,1103712,0
1/20/23,101991763,1104154,0
1/21/23,101996891,1104178,0
1/22/23,102000179,1104191,0
1/23/23,102031232,1104505,0
1/24/23,102086966,1105308,0
1/25/23,102189274,1106676,0
1/26/23,102253390,1107559,0
1/27/23,102270311,1107661,0
1/28/23,102274906,1107676,0
1/29/23,102278398,1107690,0
1/30/23,102307529,1107918,0
1/31/23,102362870,1108688,0
02-01-2023,102479379,1109996,0
02-02-2023,102561054,1111159,0
02-03-2023,102599784,1111679,0
02-04-2023,102603942,1111696,0
02-05-2023,102606868,1111698,0
02-06-2023,102631179,1111890,0
02-07-2023,102676694,1112362,0
02-08-2023,102760211,1113429,0
02-09-2023,102842061,1114385,0
02-10-2023,102855101,1114492,0
02-11-2023,102859510,1114529,0
02-12-2023,102862879,1114537,0
2/13/23,102886005,1114709,0
2/14/23,102934224,1115160,0
2/15/23,103023231,1115741,0
2/16/23,103083910,1116851,0
2/17/23,103131898,1117572,0
2/18/23,103134605,1117589,0
2/19/23,103136077,1117590,0
2/20/23,103138119,1117663,0
2/21/23,103198669,1118025,0
2/22/23,103308832,1118886,0
2/23/23,103365511,1119521,0
2/24/23,103378408,1119573,0
2/25/23,103381157,1119587,0
2/26/23,103382763,1119588,0
2/27/23,103399827,1119582,0
2/28/23,103443455,1119917,0
03-01-2023,103533872,1120897,0
03-02-2023,103589757,1121658,0
03-03-2023,103648690,1122165,0
03-04-2023,103650837,1122172,0
03-05-2023,103646975,1122134,0
03-06-2023,103655539,1122181,0
03-07-2023,103690910,1122516,0
03-08-2023,103755771,1123246,0
03-09-2023,103802702,1123836,0
Unnamed: 1144,,,
Unnamed: 1145,,,
Unnamed: 1146,,,
